APC_star_USD,Project_Cost_USD,Leverage
0.0010732820668232653,2360172224.711276,2199023255552.0
