timeline_months,S
0.0,1.0
4.9605781865965834,0.5
5.059132720105125,0.0
