mu,E_NPV,Std_NPV,Prob_NPV_Pos,VaR_5pct,Cost0
21.061321441458333,36433728056.36368,50845073875.7779,0.9875,1959218457.6616058,2360172224.711276
